{
	"credit": "Made with Blockbench",
	"parent": "block/thin_block",
	"textures": {
		"1": "#top",
		"2": "#c",
		"particle": "#top"
	},
	"elements": [
		{
			"from": [-0.01, -9, -0.01],
			"to": [16.0099, 1, 16.0099],
			"faces": {
				"north": {"uv": [0, 0, 16, 10], "texture": "#2", "cullface": "north"},
				"east": {"uv": [0, 0, 16, 10], "texture": "#2", "cullface": "east"},
				"south": {"uv": [0, 0, 16, 10], "texture": "#2", "cullface": "south"},
				"west": {"uv": [0, 0, 16, 10], "texture": "#2", "cullface": "west"}
			}
		},
		{
			"from": [0, 0, 0],
			"to": [16, 1, 16],
			"faces": {
				"north": {"uv": [0, 0, 16, 1], "texture": "#1"},
				"east": {"uv": [0, 0, 16, 1], "texture": "#1"},
				"south": {"uv": [0, 0, 16, 1], "texture": "#1"},
				"west": {"uv": [0, 0, 16, 1], "texture": "#1"},
				"up": {"uv": [0, 0, 16, 16], "texture": "#1"},
				"down": {"uv": [0, 0, 16, 16], "texture": "#1"}
			}
		}
	]
}